reviewer_name,rating,review_text
chelsea shelly,4 bintang,"pelayanan biasa saja, cenderung kurang ramah, agak lambat juga, terutama bagian farmasi, antri di depan lama, di dokter cepat, eh nunggu obatnya lebih lama lagi
sama agak bingung juga, sudah daftar antrian di Mobile JKN, tertera bisa datang di estimasi Jam 07.00 - 15.00, pas sampai sana Jam 07.30 katanya sudah full, terus malah dikasih nomor antrian manual baru, sy kira kalau sudah daftar online ada antrian yang berbeda dg.yang manual, entah sy yang baru tahu atau mmg dari pihak sana yang kurang edukasinya"
Fitri Nafiatus Saidah,5 bintang,"Pelayanan Puskesmas sendiri sebenarnya bintang ğŸŒŸğŸŒŸ/ğŸŒŸğŸŒŸğŸŒŸ ya karena petugas puskesmas nya yg kdg judes, jutek sampai pernah aduh mulut sama petugas nya. Baru puasa kemarin kesana lgi karna demam lumayan ramah dan senyum lah petugasnya ğŸ¥°. Untuk poli nya yg paling the best poli jiwa dgn petugas puskesmas psikolog sinta, mendapat rujukan untuk berobat ke RS pun tidak ribet. terimakasih buat psikolog sinta sudah bikin klien yg mental nya tidak baikÂ² aja menjadi lebih baik dri sblmnya, terimakasih sdh menjadi pendengar yg baik meskipun dri diri psikolog sinta sedang tidak baikÂ² aja. Buat kalian Jan ragu dan malu untuk bercerita ke psikolog/psikiater ya âœ¨ mental kalian sangat berharga sayangi diri kalian sendiri sblm menyayangi orang lain, peluk jauh untuk klien psikolog yg konsultasi di puskesmas Wonokromo ğŸ«‚. Terimakasih juga kepada psikolog sinta bbrp kali kegiatan kesehatan jiwa sedunia melibatkan aku untuk ikut adil dlm acara"
Sumiati Sumiati,2 bintang,"Bikin capek, di puter puter
Padahal kalau di dokter umum bisa langsung di atasi dengan cepat
Jadi saya ada masalah gigi berlubang,
Ke poli gigi pukesmas ini gak di tangani cuman di kasih obat, dan di suruh datang lagi lagi di pertemuan selanjutnya untuk diatasi
Okelah
Sebulan kemudian saya datang lagi kemari, dan ternyata setelah obat habis harus sehera datang untuk di lakukan penanganan
Masalahnya kenapa kemaren gak bilang gitu
Okelah
Jadinya cuman di kasih obat, nunggu obat ini habis baru akan di tangani lagi
Setelah obat habis saya kesini lagi dan ternyata
Gak bisa karena ada riwayat penyakit lain jadi harus di rujuk
Hmm 2 bulan riwa riwi kesini gak ada hasil, kenapa gak dari awal di bilang gitu loh
Dipikir semua orang punya waktu luang untuk datang ke pukesmas yang hanya buka jam kerja seperti ini ?"
moh irfan,5 bintang,"Pelayanan sudah bagus, agak lama menunggu di farmasi (bisa dimaklumi)

Saran dan masukan :
Pasien yang sdh periksa sambil menunggu panggilan obat dari farmasi sebaiknya menunggu di luar supaya pasien serta pengantar pasien tidak menumpuk di dalam dan  panggilan nomor antrian berikutnya bisa lebih lancar"
Mochammad Buchory,4 bintang,"Pelayanan pendaftaran online sangat ramah dan fast respon dan menurut saya hnya di puskesmas wonokromo peralatan poli gigi nya steril dan modern..hampir 10 tahun berobat tidak ada kendala..mungkin yg perlu diperbaiki area tunggu di luar sebaiknya dinyamankan lagi..semisal dibangunkan ruangan tunggu ber AC..dan perlu memfasilitasi parkir mobil..semoga puskesmas wonokromo makin baik
kedepannya"
Firtika Yuliani,1 bintang,"Pelayanan dr gigi nya buruk, sangat tidak ramah sama pasien. Penjelasannya juga tidak detail, harusnya kalau ada gigi berlubang tuh di cek benarâ€. Ini cuma di senterin aja dikursi , dann bener kan salah nentuin gigi mana yg harus dicabut, karna saya pake behel yg awalnya bilang bisa dicabut sekarang ganti bisanya perawatan akar dlu, hmmm akhirnya cuma di kasik obat minum aja dan disuruh balik lgi minggu depan. Waktu antri di farmasi lama, taunya pas dipanggil eh ternyata obatnya belum masuk di sistem komputernya. Duh, bnerâ€.. trus saya samperin ke asisten dr giginya dan ternyata lupa belum diinput. Haduh, pelayanannya sangat tidak profesional. Mentangâ€ pake bpjs dapat pelayanan yg buruk gini ."
Yusivea Arthanza_Penalaran,5 bintang,"Pelayananannya luar biasa rapih, cepat dan bersih, tenaga kesehatannya ramah"", membantu pelayanan, tidak membingungkan alurnya. sistem online nambah bikin gampang antriannya gak ribettt"
Yulia Purnama,1 bintang,"antria  lama pollll tidak gercep, pas di dalam ruangan tidak dipiksa sama sekali, cuma di tanya2, nunggu obat lama poll
saran yang di farmasi di tambahi orangnya biar cepat. kalau kayak gini ya yang sakit tambah sakit bukannya sembuh"
Rokhmi Pertiwi,5 bintang,"Pelayanan puskesmas Wonokromo sangat bagus dan dan cepat dan semua stafdan dokter nya sangat ramah ,kami para kader.KSH juga semakin banyak pengalaman dengan pelatihan pelatihan yang di adakan di puskesmas untuk kami sebagai bekal unk membantu.masyarakat.di bidang antara lain kesehatan ,posyandu ,sanitasi dll menuju masyarakat lebih sehat"
Izma Nabihah,5 bintang,Pelayanan ny cpt terarah perawat nya cantik ramah dan baik. Dokter dalam memberi penjelasan jg memuaskan terimakasih
Najmiah Amal,5 bintang,Asli staf suster dan dokter nya nya baik2 ramah dan humoris. Perawat nya baik swring ksh edukasi enak diajak ngobrol apalagi dg lansia2 cantik2 pula wangi penampilan rapi. Enak swdap dipandnag.
Uncle Yo,5 bintang,"Joss pelayanannya , kemarin saya kesana kebetulan di tangani oleh Dr Yunita alhamdulillah dibantu dengan baik dan ramah juga dokternya , terima kasih yaa"
Angga _Dinata,5 bintang,"Pelayanan baik, mulai dari loket depan tanggap diarahkan ramah. Semoga terus dijaga kualitas pelayanannya ğŸ‘ â€¦"
Chevi Miftahul,4 bintang,"Pelayanan cukup baik. Terkadang banyak sekali pasien, yang membuat pelayanan jadi lama. Tapi pelayanan masih terbilang baik."
Bagas Dwi NugrohoXlv,5 bintang,Pelayanan yg sangat baik membuat pasien nyaman dan penjelasan dari dokter poli umum sangat bisa dimengerti membuat pasien cepat sehat kembali
Charly Wdw,5 bintang,"Pelayanannya baik sat set cepat n tanggap, petugasnya sangat supel dan loyalitas tanpa batas, tetap semangat jangan kendor ğŸ‘ŒğŸ‘ŒğŸ‘Œ â€¦"
Moena Muntux,3 bintang,"saran sajah untuk kursi di ruang tunggu mungkin bisa di ganti yg per orang .an karena kalau tempat duduk yg lngsung sepaket 4 orang benerÂ² mengganggu , krena kalau kita sedang sakit trus duduk sama orang yang banyak gerak / gg bisa diem itu sangat mengganggu mau negur jugha gg enak kalau bawaan orang nya emang gitu
semoga saran saya di trima ğŸ™ğŸ™ğŸ™"
Archie lian,5 bintang,"Wahhhh pelayanannya sangat ramah, murah senyum dan diarahkan juga, baik sekali. Dikembangkan dan diteruskan ya pelayanan baiknya. ğŸ™ŒğŸ» â€¦"
Senna 50,1 bintang,"Kecewa pelayanan 2 kali disini ank saya demam sampai 42 derajat naik turun cuma 39 derajat selama 3 hari disuruh nunggu 5 hari, malamnya saya bawak ke IGD udah dehidrasi parah. Yang ke 2 diare terus disuruh nunggu 8jam sebelum 8jam saya Bawak ke IGD sudah dehidrasi parah. ğŸ˜­ â€¦"
yudo sajaa,1 bintang,"Pelayanan buruk parah , pegawai PKM suka ngerumpi ttg urusan inern mereka padahal banyak pasien berobat malah tidak di utamakan"
Synyster Angga,5 bintang,"Terima kasih pelayanan Baik ramah sat set sat set Mbak yang di depan, edukasinya mudah di pahami pendaftaran sangat mudah bisa online n offline"
Mahira Sahib,4 bintang,"Pelayanannya bagus , cm lama di perawat depan  yg tensi , dokter juga cepat,  anak saya langsung cepat sembuh waktu berobat di PKM 1 minggu  yg lalu"
Icun Dianita,1 bintang,"Pelayanan sangat lambat,orang sakit bisa makin parah,antri hampir 2 jam,antri farmasi 1jam an,pegawai cuma mondarmandir aja gak jelas"
Immanuel Bagas,5 bintang,"pernah anter istri cek kehamilan di sini, Puji Tuhan pelayanan bagus, seluruh perawat dan dokter menyambut dengan ramah ğŸ˜ â€¦"
yogi putra pratama,3 bintang,"Oke lah baru kali ini kesini, buat minta surat keterangan sehat buat lamar kerja, alhamdulillah ga ribet dan sangat membantu untuk yg membutuhkan surat keterangan sehat (10ribu). Tpi yg bikin ga enak disini tukang parkir yg ga jelas suruh parkir dibawah nanti dinaikin di pinggiran ke tempat yg lebih adem, eh nytanya enggak. Kalo siang baru nunggu jam 13.00 dilayani, ambil antrian dlu."
Nur Fadila,1 bintang,Sangat buruk sekali minta rujukan di tolak seharusnya dari awal bilang kalau tidak bisa jangan pas udah antri lama hampir 2 jam baru di tolak
Kirana Devi Adhita Lakhsmi,1 bintang,"pelayanan buruk, antri terlalu lama, mba mba nya banyak yang gasopan, sinis klo jawab dan ga ramah, orang klo ga denger kepanggil teriak"" dari dalam terkesan ga sopan sekali"
Ifza Nabila,5 bintang,"pelayanannya baguss bangettt!!!!, terus semua stafnya ramah ramah
Terus pelayanannya bersih dan baik
The bestt dehhğŸ˜”â¤ï¸ â€¦"
Wahyu Belenjuk,5 bintang,"Alhamdulillah , pelayanan oke banget , perawat nya baik dan ramah ramah makasi banyak yaaa"
Hadawiyah Amal,5 bintang,"Terimakasih PKM wnkromo
Perawat nya ramah2 cantik2 dokter dlm memberi pelayanan dan edukasi jg memuaskan"
Citra Pancaparamita,1 bintang,"pemeriksaan dokter umum cuman wawancara ga diperiksa , mau minta surat ketrangan sakit biar bisa istirahat malah disuruh kerja surat hanya diberikan jika pasien patah tulang sama DBD saja...."
Robiatul Adamiyah,1 bintang,"Pelayan benar benar kurang memuaskn udh ke sekian kaliNya padahal saya bayar bukan bpjs  gratis hrs di terangkan dr awal daftar, jika biaya naik udh daftarnya byr penangannya jg byr iy klw bw uang lebih klw bw uang pas.suruh balik lg hrs dr awal daftar di kasih tau klw biaya naik untuk tahun ini.bukan mlsh nominalx pak/buk jarak dr rmh ke puskesmasx jauh . udh yg nangani kurang ramah tlong di prbaiki lg"
Noval Aflach,5 bintang,"Pelayanannya cepat, semua staff dan karyawan ramah dan tidak ribet semua peoses ditangani dengan sigap"
Kayla Natania Sophialouisa,5 bintang,"pelayanan cepat, datang sesuai estimasi di antrian. kalau kita sesuai aturan pasti tidak nunggu lama."
Hakim Hakim,5 bintang,"Lingkungan yg bersih, nyaman serta pelayanan yang baik menjadikan Puskesmas Wonokromo sebagai tempat yang tepat untuk solusi kesehatan."
WINDA NOFITA RAHAYU,5 bintang,Terima kasih atas layanan yang sangat baik sekalii. Terus perkembangan layanan terbaik untuk masyarakat ğŸ™ğŸ¼ â€¦
Tomas Yudhagama,5 bintang,"Pelayanan baik pegawainya ramah ramah, maju terus puskesmas wonokromo untuk melayani masyarakatğŸ˜‡ğŸ˜‡ â€¦"
Siti Cholilah,5 bintang,Puskesmas  sangat bagus pelayanannya  secara keseluruhan terutama pertama kali di bagian pendaftaran atau loket ya sangat cepat pelayanany
Icha Permata Sari,5 bintang,"Sering berobat di Poli umum. Pelayanan cepat,  dokter umum juga telaten semua nakes cekatan tanggap melayani"
Glann Junior Enrico,5 bintang,Pelayanan poli umum sangat ramah dan baik sekali ğŸ‘ğŸ¼ğŸ‘ğŸ¼ğŸ‘ğŸ»ğŸ‘ğŸ» â€¦
pipit opie,5 bintang,Pelayanan gercep .... Edukasi nya jelas ... Perpanjangan rujukan jg cepat ğŸ‘ â€¦
Tungga Dewi,5 bintang,"Terima kasih untuk pelayanannya dengan baik ke pasien, semakin ditingkatkan yağŸ‘ğŸ‘ğŸ‘ â€¦"
iklas cimeng,1 bintang,"Pelayanan yg amat sangat lama, dari jam 8 sampe jambset 1 belum di panggil panggil juga"
Lilik Sumartini,5 bintang,Sangat bagus pelayanannya terutama di bagian loket pendaftaran
Wildan Arief,5 bintang,Pelayanan cpt sat set sat set. Staf ramah2 penampilan rapi ruangan dan pkm bersih dan rapi
Ayu Widyatama,5 bintang,"Pelayanannya cepat, check up ibu hamil juga sudah cukup lengkap"
Reni Ervina,5 bintang,"Pelayanan cukup bagus
Tempatnya bersih
Tenaga medis ramah"
Eka Ariani,5 bintang,"poli psikolognya sangat membantu,,ramah,,telaten sm pasien..
very good"
Radea Bagus,5 bintang,"Pelayanan ramah, perawat dan dokternya cantik2 dan sabar2"
Rena angelita Indah,4 bintang,"Untuk pelayanan poli umum bagus , mbknya ramah2 juga."
Nadira359,5 bintang,Pelayanan dan para pegawai baik dan ramah bangunan yg SDH semakin baik
Fajar Pratama,5 bintang,"Pelayanan yg ramah , kebersihan dan fasilitas yg cukup lengkap"
Emmanuella Sandrea,5 bintang,"Dokternya baik, tidak menunggu lama, tempatnya juga bersih. ğŸ˜„ğŸ‘ â€¦"
Nilam Safitri,5 bintang,"Semua bagus baik dari pelayanan loket, pelayanan umum maupun gigi"
Mbah Lik,5 bintang,Pelayanannya sangat bagus.tetap pertahankan dan tingkatkan.
Tyo Joviandra,5 bintang,"pegawai ramah ramah, tetap melayani dgn baikğŸ˜‡ â€¦"
Heru Yulianto,5 bintang,Dokter dan perawatnya ramah..Lingkungan bersih dan rapi
Adinda Aura Rahma,5 bintang,"Pelayanan ramah, puskesmas nya bersih dan bagus"
Wdw Charly,5 bintang,"Trimakasih pelayanannya sangat baik, petugasnya ramah ğŸ‘ğŸ‘ğŸ‘ â€¦"
Syafril Putra,5 bintang,"Pelayanan sangat ramah, terima kasihğŸ™ğŸ» â€¦"
Rama Xena,1 bintang,"Saya kecewa sama puskesmas ini ,di karenakan tidak bisa meminta surat izin istirahat padahal yg di butuh kan oleh perusahaan itu surat izin istirahat nya bukan surat bukti berobat. Jadi nya libur saya yg di ganti karena surat nya tidak di terima oleh perusahaan tempat saya bekerja. Kalau gak gitu di itung alfa atau gaji saya di potong oleh perusahaan di karena kan puskesmas tidak mau memberikan surat izin istirahat.
Dan yg lucu nya lagi dokter yg saya mintain surat izin istirahat malah bilang gini ""ya kalau soal istirahat itu dari perusahaan nya pak bukan dari kita"" lhaa konyol kan justru perusahaan itu ngebolehin kita istirahat di karenakan surat dari anda."
godong waru,5 bintang,Semoga pelayanannya lebih cepat. Antrian lwt online lbh cepat
PDTL 2023,5 bintang,bagus pelayannya ramah dokter bagus semuanya ok
Its Humansyah,1 bintang,"Pegawai tidak ramah, pelayanan lambat dan nomor urut tidak sesuai"
Niken Dwi Ayu Paramita,1 bintang,Saya Minta rujukan di rsal di tolak dengan alasan ke blokir  anak saya ini kene bronkopneumonia Jangan sok bisa ngatasin
Ambarawa Lau,1 bintang,"Pelayanan buruk ,acuh,cuek,jutek,trutama yg MBK pendaftaran.
Sring menolak pasien yg terlanjur datang GK mikir datang sudah jauh2 setibanya malah ketolak krna alsan yg TDK layak.
Padahal smua pasien pantang untuk tertolak jika sudah setibanya di RS, puskesmas,ataupun layanan kesehatan lainnya. Ini kecewaaa ...banget."
Prahasti Miranda,5 bintang,Perawatannya sangat profesional dan perawatnya sangat baik dan ramah
HAYSA n Family,5 bintang,"Baik sekali, ramah sopan santun. Siippp"
Ismi Maduriani,5 bintang,"Saya suka dengan pelayanan poli gigi.

Dari tahun 2021 waktu gigi bungsu disarankan operasi proses rujukannya cepat meskipun pada saat itu sedang pandemi.

Di tahun 2023 tinggal gigi bungsu atas belum tercabut. Karena kadang sakit jadi saya konsultasi dulu. Dokternya memberikan penjelasan dan edukasi yang jelas serta pilihan tindakan yang diambil untuk solusi gigi bungsu saya yang belum diambil. Saya memutuskan untuk dicabut saja gigi bungsunya. Selama 2 kali proses pencabutan tindakannya benar-benar tidak sakit. Saya rasa dokternya memang benar-benar berpengalaman dan dapat membuat saya tenang. Dokternya sangat ramah dan seru kalau ngomong basa jawa.

Terima kasih banyak drg. Endang ğŸ™ semoga poli lainnya pelayanannya sama baiknya."
Budi Wahyono,5 bintang,Menurut saya sudah bagus pelayanan
Yupy 233,2 bintang,"Sgt tidak ramah , terutama loket prndaftaran."
Budukhin Tri Utami,5 bintang,Pelayanan di sini sangat sangat baik.. Ramah dan sopan
Adillah Dama Yani,5 bintang,pelayanan baik petugas ramah dan sigap
Ely Sariani,5 bintang,"Pelayanannya gercep,kebersihan okay"
Faros Rajin Sholat,5 bintang,Pelayanan Ramah terutama di loket
uranus heroes,5 bintang,pelayanan bagus sangat fast respon
Ayu Garnasih,5 bintang,"bersihkan karang gigi cuma 11k/section(sehari dibatasi sekali proses), sayang banget ngga bisa bayar pake non tunai.

kemarin sore bikin surat keterangan sehat, sekitar pkl 4 sore dan masih dilayani dengan baik."
Leidy Estartika Mandira,5 bintang,pelayanannya sangat memuaskan ğŸ‘ğŸ»ğŸ‘ğŸ»ğŸ‘ğŸ»ğŸ‘ğŸ» â€¦
Eka Kelana,5 bintang,"Vaksin covid di sini, mantap pelayanannya ğŸ‘ â€¦"
Zainul Fakhri,5 bintang,"Dari pintu masuk  sudah di pandu oleh orang yang bertugas pelayanan cepat
Tapi masih kurang nyaman terhadap pelayanan nya"
Febrilia Dwi Nurita,5 bintang,"Petugas registrasi lumayan gercep dan ramah. Saya ke sini untuk bersihkan karang gigi, bayar hanya 11 ribu tanpa bpjs. Dokternya sabar dan telaten. Hasil pembersihan karang gigi juga oke."
Rengga Vauza Wardana,1 bintang,"Sayang sekali, untuk pelayanan kia sangat tidak rekomended, petugasnya tidak ramah sama sekali, sewot mulu. Dari segi psikologis tidak menenangkan pasien. Petugas sepertinya kurang kompeten. Kalau bidannya oke sih gercep."
paras ayu,1 bintang,"Masak sakit gigi, giginya gak d periksa . Tbtb d kasih antibiotik yaapa seh dok masak balita dikasih obat teros !!!!. Jelas2 yang itu tumbuh gigi bukan nana malah di katain nana. Pake ngatain orang tuanya gak pernah nyikatin gigi anaknya . Dikira bpjs gak bayar ta ğŸ˜‚ğŸ˜‚ğŸ˜‚ğŸ˜‚ atek lak ngomong nyentak2 nyelekit. â€¦"
Puja juleo / THP,5 bintang,Pelayanan sangat bagus prima
Dikka R,5 bintang,Pelayanan cukup baikğŸ™ â€¦
Krisna Yudha,5 bintang,pelayanan bagus sekali
alfianready ramadhan,5 bintang,Pelayanannya baik
Dian Khumairok,4 bintang,"Pelayanan menyenangkan. Ke Poli KIA untuk keperluan ANC hamil. Petugas ramah, diajak ngobrol, sharing. Saran alangkah lebih jika hasil lab dicetak."
FARIDA,5 bintang,"Meskipun tempatnya agak terpencil tapi tidak mengurangi keramaian pasiennya , datang jam 7 Uda lumayan yang datang, saran aja lebih baik daftar online sebelum hari H, layanan lumayan lengkap, ada lab nya juga di lantai 2, lumayan rapi dan tertib , staf dan dokternya juga ramah dan gerak cepat"
dwi sugianto,5 bintang,Mantaaaap pelayanannyağŸ‘ğŸ»ğŸ‘ğŸ»ğŸ‘ğŸ» â€¦
Retno Anjar,5 bintang,Semakin bagus pelayanannya
Jordan sntv,5 bintang,Sangat Bagus Sekali
feda miatus,5 bintang,"Pelayananannya luar biasa rapih, cepat dan bersih, tenaga kesehatannya ramah"", membantu pelayanan, tidak membingungkan alurnya. Untuk bidan Poli KIA pelayananannya muantebbb pwolll, sistem online nambah bikin gampang antriannya gak ribettt"
Kevin Rochman,5 bintang,Pelayanan bagussss
Chrisly Natasya,1 bintang,"Puskesmas yg buruk. Saya mendaftarkan suami dan dpt no 1. Emg saya terlambat 20mnt dikarenakan saya hrs nyiapin obat vitamin dll untuk suami dan pas mau brgkt mendadak juga ad tamu dr kantor suami untuk menjenguk. Eeeehhh sampek sana ditolak suruh daftar ulang. Ketika saya dtg ontime bahkan lbh awal dr jadwal saya disana rela loh nggu 30mnt bahkan 1jam bahkan pernah lbh pun mreka semua yg blm pada siap masih pada muteeeer aja gak dimulai"". In saya yg 20mnt terlambat dan ada alasan yg masuk akal ditolak mentah"", posisi saya lg hamil juga masa iyasih tega ngebiarian bumil mondar mandir??! Pdhl kondisi suami udh gak enak bgt dan saya udh blg urgent butuh rujukan, ttp aja ditolak mentah"". Hahahahah Weess wesss PARAH !!"
Fitri Ambriani,5 bintang,"Pelayanan kepada klien cepat, nyaman dan aman. Terutama di ruang KIA ruangannya adem dan gercep2 petugasnya disamping itu petugasnya ramah ramah. mantapp sekali dipertahankan PKM Wonokusumo terrrrrthe bestğŸŒŸğŸŒŸğŸŒŸğŸŒŸğŸŒŸ â€¦"
Irene Krisnati,5 bintang,"Terima kasih karena smakin baik dalam melayani masyarakat.poli kesehatan keluarga psikolog juga enak,dibantu dibimbing Mbak Shinta.mendengar dg hati.Alhamdulillah bisa move on lewati masa sulit dg babtuan psikolog,psikiater dan teman2 yg support.kl ada penyuluhan ttg kesehatan jiwa atau kesehatan lain mau diajak nambah ilmunya."
Novita Simbolon,1 bintang,"Saya sangat kecewa dengan pelayanan di Puskesmas ini, ini pertama saya dan terakhir saya disini, saya minta ditangani karna saya ada ciri"" covid mereka bilang bukan daerah saya, mereka suruh saya test ke SMK 1 ,tapi tiba disana sudah selesai, saya balik lagi ke Puskesmas, dengan mudah nya mereka mengatakan ,petugasnya sudah capek, saya kesini minta penanganan tapi pelayanannya tidak ramahhhh ! Pelayanan publik yg pertama sekali sangat buruk saya rasakan, saya pertama kali dapat disini"
fahri Khoir,1 bintang,Pelayanan jelek mentang mentang pakek BPJS anak umur 2 bulan di suntik habis di suntik tidak di kasih plaster hingga keluar darah banyak
Tutik Handayani,5 bintang,Pelayanannya bagus terutama di bagian loket pendaftaran.
dewi rusita,1 bintang,"Kamar mandi lantai 2 tidak bisa digunakan jadi klu lab harus turun ke lantai 1
Saran Tolong segera diperbaiki agar bisa dapat memudahkan pasien."
Nur Romadlon,5 bintang,Petugasnya baik
Imron Syachsena,5 bintang,Alhamdulillah sudah sehatğŸ‘ğŸ½ â€¦
mir'atun nisa',1 bintang,"kecewa sekali sama dokter giginya, kata2 nya tidak enak di dengar saya periksa untuk surat kesehatan catin malah bahasnya gak enak, kalau emg dokter gigi yasudah wilayahnya di seputar gigi saja ndak usah melebar sampai mengharuskan punya anak, akan gagal jadi wanita kalau belum punya anak."
Anita Novilia,5 bintang,Pelayanan baik
Yudha Prasetya,5 bintang,pelayanan cepat
Brilandien Nurazizah,5 bintang,"Puskesmasnya bersihh, pelayanan baik dan cepat ğŸ¥°ğŸ˜ â€¦"
Onni Avrianti,1 bintang,"Dokternya tolol udah 2x bolak balik puskesmas 2x obat diganti resep, badan panas ga karuan menggigil lemes dimintai surat dokter buat kantor cuma ditulis keluhana konsultasi ga masuk akal !!! Mana ada dokter gatau ttg penyakit yg diderita pasien,  Lebih diperhatikan lagi tenaga medismya agar murah senyum dn tidak judes sm pasien, walaupun bpjs tapi kita juga bayar !"
ananda yolla,5 bintang,"pelayanan sangat baik, terutama dokter giginya sabar banget, cabut gigi disini harus swab tapi gak ribet sama sekali"
widya puspita sari,2 bintang,"Antrian harusnya dahulukan yang datang ditempat terlebih dahulu, karena sudah menunggu dari pagi belum mendapat pelayanan, terlebih sudah menahan sakit sejak pagi. Dan itu terjadi setiap kali datang.
Datang terlebih dahulu itu artinya ada yang mendesak, termasuk keluhan kesehatan yg mendesak.
Seyogyanya silahkan perbaiki sistemnya.."
Bagio Sulistyono,5 bintang,"pelayanan memuaskan, meskipun mbak mbak yg bagian pengambilan no aantrian agak sedikit ketus... salam sehat selalu"
Fibria mita,1 bintang,Datang jam 11.40 krn msh jam istirahat baru dilayani jam 1.30. Seharusnya kl pelayanan utk seperti ini istirahat bisa bergantian. Kasian kl org sakit hrs menunggu
Lia Kurniawati,5 bintang,"Pelayanannya baik, petugasnya ramah dan informatif. Saya dibantu memunculkan sertifikat vaksin yg sudah lama tdk keluar dipeduli lindungi. Trimakasihh puskesmas wonokromo, IG nya puskesmas juga aktif dan adminnya cepat balas DM nya."
Hanifah,2 bintang,"Mohon maaf, tapi saya sebagai pengantar merasa tidak nyaman dengan pelayanan yang ada. Saya sudah menunggu hampir 1 jam untuk pemeriksaan dan setengah jam lebih untuk resep obat masih belum ditangani sementara yang sakit sudah sangat tidak betah. Padahal saya datang set 2 siang yang sudah sepi."
Yusril Sarega,5 bintang,Pelayanan sangat baik dan ramah
Medya Ayu,5 bintang,Bagian kia sangat pro aktif. Mau membantu dan mengupayakan utk bsa mendapat rujukan ke dsa karna masalah bb seret. Alhamdulillah berkat rujukan dr puskesmas wonokromo skrng bb anak saya sudah dapat teratasi
Dee Icha,5 bintang,"Pelayanan vaksin gercep banget.
ga pake antri lama, sertifikat juga langsung muncul di Peduli Lindungi.
Pertahankan terus pelayanannya ya ğŸ˜Š â€¦"
Roby Keane,4 bintang,"Sudah banyak perkembangan pelayanannya.
Sudah lebih ramah dan tertata.

Semoga terus berkembang"
Rama Roy,1 bintang,"Sudah disuruh daftar sudah isi formulir vaksin sudah nunggu hampir mendekati jam nunggu sampai jam istirahat selesai
Malah disuruh pulang suruh besok Hadir dengan alasan kurang orang??? Minta tolong hargailah waktu dan usaha yg dibutuhkan sampai di puskesmas kalau memang tidak bisa atau tidak mau dengan alasan apapun itu jangan buat pasien menunggu lama itu saja saran masukan saya semoga kedepannya lebih baik lagi untuk Puskesmas Wonokromo good job puskesmas Gayungan"
aroel zhein09,1 bintang,"Mau ambil surat/sertifikate vaksin di persulit, mulai hari prtama surat pengambilannya sdh di minta, 3hari lagi suruh kembali cukup bawa foto kopi ktp saja, di hari ke 3 sy datang dengan mengumpulkan foto kopi ktp, tapi ujung2nya sampau setengah hari menunggu blm ada hasil Dan sy di suruh pulang dulu Dan kembali lagi di lain hari saja kata petugas puskesmas. Trus ini bagaimama kebijakan pemerintah?"
SongOnce_ 2015,5 bintang,Pelayanya cwoet banget dan ramah bgt cece 2nya sukses terus buat puskesmasnya smoga ttp memberikan pelayaan terbaik spanjang masa amin...xiexie....ğŸ˜˜ğŸ˜˜ğŸ¥°ğŸ¥°ğŸ˜ğŸ˜ â€¦
Ovi Malik,1 bintang,"Terima kasih mas tiyok atas pelayanan anda yg sangat buruk itu, jika anda tidak bisa bekerja untuk layanan masyarakat lbh baik anda tidak usah bekerja di bagian pelayanan masyarakat"
Kaleb Aditya,5 bintang,Puskesmasnya bagus sekali
NURUL tino,5 bintang,"Terima kasih, krn pelayanan cepat , dan sigap. Smoga tetap jaya terus dan slalu memberikan yg terbaik utk warga wonokromo. ğŸ‘ğŸ‘ â€¦"
Nia Viola,4 bintang,"Bangunnya udah makin bagus, moga layanannya juga makin baik"
Safira Indah,1 bintang,"seluruh staff dan dokter nya apa tidak bisa bertutur kata yg baik? anda semua ini menangani orang sakit fisik yg harusnya dilayani dengan baik, ramah, telaten.
saya barusan dari puskesmas Wonokromo, bukannya menjelaskan tentang sakit yg saya derita malah men judge saya cuma mau minta surat dokter dan mempermasalahkan alamat domisili yg berbeda dari ktp. salah kalau saya mempertanyakan kredibilitas dokter-dokter puskesmas Wonokromo?"
Diyah Setya,5 bintang,Pelayanan masyarakat di PKM Wonokromo sangatlah baik. Kami puas dengan kerja dari para nakes dan petugas administrasi yg meng up date data para pasien
Gebril Dwi,5 bintang,Pelayanan baik dan ramah
yulia rosa,2 bintang,"Tidak sebanding antara pasien dengan tempatnya, terlalu sempit untung kapasitas pengunjung yg selalu membludak tiap harinya
Untuk saran, sebaiknya untuk pelayanan rujukan dipisahkan saja antriannya agar tidak terlalu penuh antrian, kasian pasien2 yg sudah tua dan mengantri terlalu lama"
BAYU TRI ARMANTO,1 bintang,Pelayanan Rujukan Buruk. Apalagi kalo pakai Bpjs. sangat tidak membantu.sudah antri lama.eh ga bisa. Padahal sebelumnya bisa. Tolong dibenahi itu!!! Akses dan Sikapnya .
Global Teleshop,1 bintang,"Pelayanan kurang baik masa bikin surat dokter istirahat 3 hari suruh tiap hari bulak balik periksa kata nya ga ada peraturan Kya gitu ...
Di puskesmas lain nya dapet surat dokter istirahat 3 hari
Apa karena paket BPJS"
Elang,2 bintang,"Pelayanan kurang memuaskan..kalo berbicara sama pasien..yg sedikit keras.. masalahnya ada sekat/ penghalang kaca antara pasien sm petugas,, belum lagi petugas memakai masker..tolong lebih bijak dan ramah.. karena pasien ini orang sakit"
Dimas priyatmoko,5 bintang,Pelayanan sopan
Diaz Eka Julianingtyas,5 bintang,"Pelayanan yang diberikan sangat baik dan petugasnya ramah, thank you."
Haris Al Mushlih,1 bintang,"Pelayanan nya sangat mengecewakan, lama sekali padahal tidak antri banyak, semuanya kurang cak cek"
A_059_ Siti Marisa Bila,5 bintang,"Pelayanan cepat, ramah, meskipun sudah tutup masih tetep dilayani. Terimakasih sudah membantuğŸ¥°ğŸ¥°ğŸ¥° â€¦"
Monica,1 bintang,"Loketnya pagi jam 7 sudah melayani. Tapi bagian poli orangnya datang setengah 8, masuk ruangan dan mulai manggil antrian pasiennya jam 9"
Siti Lafindri,5 bintang,Pelayanan sangat memuaskan kemarin minta surat sehat cepat d layani   .. Mkasih puskesmas Wonokromo ğŸ™ğŸ™ğŸ™ â€¦
Zenda Motovlog,5 bintang,Pelayanannya terbaik
Jamilah Jamilah,5 bintang,"Saya naruh kartu berobat pagi , lalu saya tinggal pulang , datang lagi  jam 7.30  dapat panggilan ,tidak ada gendala saya di puskesmas wonokromo ğŸ‘ â€¦"
Muhamad Suharsa (Kang Harsa),2 bintang,Kecepatan pelayanan masih butuh perbaikan mendasar. Perlu ada petunjuk dan arahan tentang alur layanan agar pasien/pengantar tidak bergerombol.
Syarif Hidayat,3 bintang,"Petugas farmasi nya sibuk main hp
Resep tidak langsung dtindak lanjuti
Tgl 29/09/2022 pkl 10:15"
Imam Djunaedi,5 bintang,Terima kasih untuk puskesmas wonokromo yg telah membantu kami untuk menyelesaikan kartu vaksin yg kesingsal datanya.
lailanoer faridah,5 bintang,"Pelayanan sangat memuaskan, cepat ditangani, tetap di perhatankan"
danu sutikno,5 bintang,Pelayanannya sangat memuaskan.nakes nya sangat profesional dan ramah tamah
afrian putral,5 bintang,"Cepat, efisien"
Citra Ningtyas,5 bintang,Pelayanan baik.DR dan pegawai nya  ramah dan cekatan ..ğŸ™ğŸ‘ â€¦
Rijal Jore,1 bintang,"Pelayanan kurang baik
Minta surat dokter istirahat 2/3 hari buat istirahat katanya tidak bisa harus bulak balik periksa ..."
Listi Ana,1 bintang,Sangat mengecewakan pelayanannya kalau memang bisa dipersulit kenapa dipermudah ???
Jumiatin Isnandari,5 bintang,terima kasih sudah diberi kemudahan untuk vaksin. sertifikat jg cepat keluar.
Chaharudin Mahkota Budi,1 bintang,"Parah bgt
Bikin surat kesehatan buat urus SIM aja nunggunya 2 jam lebih."
Nur Sulaiman,5 bintang,"Pelayanannya bagus, sudah mau tutup tapi tetap dilayani. Terima kasih Puskesmas Wonokromo."
iin rochim,5 bintang,"Terima kasih pelayanan jemput bola ke pos pos rw,  walaupun kurang petugas."
Elfi Kartikawati,5 bintang,Tempat pelayanan kesehatan yang ramah dan edukasi yang bermanfaat bagi masyarakat
Novaliitaa Rahmaa,1 bintang,"Puskesmas ini aja pelayanan lama dari jam set8 Sampek jam 10 gak di reken"" dasar gak jelas!"
erika anindia,4 bintang,"Selalu langganan disinii,selalu lancar dan gapernah dipersulitt ğŸ‘ â€¦"
Abidahzf,1 bintang,"Mohon untuk lebih ramah pada pasien, terimakasih"
auda firdaus,5 bintang,"Pelayanan sngat bagus,mskipun bukan diwilayah puskesmas Wonokromo masih tetap diterima saya.dripada puskesmas lainnya."
Rayindra Bagya,5 bintang,"Tempat bersih dan nyaman,perawatnya ramah2..."
Sunarsih 31,5 bintang,"Tempat nya jadi bagus.. terstruktur, dan super bersih ğŸ˜Š â€¦"
ANISA RULITA,5 bintang,yang belum vaksin buruan merapat ke puskemas Wonokromo vaksin udah gratis eh dapet botol tumbler jugağŸ¥° â€¦
Pino Csix,3 bintang,Pelayanan lambat....mungkin bisa lebih di efisiensikan lagi
Suka Ning Ati,5 bintang,Pelayanan sudah lebih baik dari tahun2 sebelumnya
Herlin Sagita Kharisma Putri,5 bintang,Tempat pelayanan yg cukup memberikan kesan edukasi yang bermanfaat.
ketut dendy,3 bintang,Tempatnya SDH bersih baru Alhamdulillah
Ratih Khurul Fauzia77,5 bintang,"Sangat membantu,pelayanan cepat,petugas ramah ğŸ’œ â€¦"
Def Borneo,5 bintang,Mantap
menik sulis,5 bintang,"Ramah, cepat dan tanggap. Luar biasa!!! Semangat!"
huifeng store,1 bintang,Pelayanan buruk.. Rombak total aja SDM yang ada disitu
Aki Suryawan,5 bintang,Sdh ada perbaikan dalam pelayanan
Dimas Syafii999,5 bintang,Puskesmas baru direnovasi total jauh lebih baik dan lebih nyaman. Tolong dijaga pelayanan kepada masyarakat untuk ditingkatkan.
Ririn Ariani,5 bintang,Pelayanan cepat dan petugas baik semua
Konco Dewe og,5 bintang,"Apapun sakitnya datanglah ke puskesmas pasti ada obat dan solusinya, the best puskesmas wonokromoğŸ‘ â€¦"
A_063_Moh. Firnando Agassi,5 bintang,Pelayanan yang cepat tanggap dan juga ramah
Merry Grace makaliwe,1 bintang,PELAYANAN BURUK! PASIEN TINGGAL BAPAK SAYA SEORANG TAPI BELUM DI TANGANI JUGA!
Nita Nia,5 bintang,Pelayanannya sangat bagus dan ramah
Irul Abu Zubair,1 bintang,"PELAYANAN SANGAT LAMA SEKALI, PANTAS SAJA RATINGNYA JELEK SEMUA"
Tausiya turrohmah,5 bintang,"Pelayanannya cepat dan ramah, terimakasih"
Rochim Arofa,5 bintang,Alhamdulillah pelayanannya cepat.
ananda octavia ningrum,5 bintang,"Pelayanan baik, ramah dan juga cepat"
Caca Putri,1 bintang,perawat songong
novi dankis,5 bintang,Pelayanan baik sepenuh hati
z,3 bintang,Di puskesmas ini ada fasilitas Rontgen nggak ya?
Moch. Ainur Rofiq,5 bintang,Pelayanan nya terbaik.
Nurul H,4 bintang,Puskesmas untuk Kel Wonokromo
Margharet Seirind Viandhani,5 bintang,Pelayanan poli psikologi sangat baik
Karina Kandhi Krisnawardhani,5 bintang,Puskesmasnya nyaman.. Pelayanannya Oke..
Renata Putri,5 bintang,Sip kak pelayanan memuaskan
Suryandari Tipuk,5 bintang,Pelayanannya bagus
Mala,5 bintang,Baguss pelayanannya
Endhang Susanti,5 bintang,Petugas ramah..cepet...
Lisana Shidqin Aliya,5 bintang,Sangat memuaskan
Mokh Saidi,5 bintang,Nyaman dan petugasnya ramah dan baik
Skincare Anti Penuaan,5 bintang,Sangat membantu untuk kesehatan luar dan dalam
pratama armi septari,5 bintang,Pelayanan sangat baik
ria riana,5 bintang,pelayanan bagus dan ramah
Aji DS 24,5 bintang,Pelayanan baik dan cepat
miyamiyo 1297,5 bintang,Pelayanan bagus
010A_Diana Putri Ramadhani,5 bintang,Pelayanan cepat
Dian Suciati,5 bintang,Pelayanan ramah
Yashinta Aulia,5 bintang,mbaknya ramah
Anik dwi Korawati,5 bintang,Pelayananya bagus ğŸ‘ â€¦
Dhony,1 bintang,Pelayanan sangat lama.
Moch Choirudin,5 bintang,Pelayanan terbaik
Anang Piptianto,5 bintang,Sangat membantu dan berbagi
Diyah Mundir,1 bintang,Pelayanan pegawainya gak nyaman
Ndari Prima,5 bintang,Pelayanannya bagus dan ceoat
Robertus Pebruwantoro,5 bintang,Nyaman walau antrian agak panjang
Elly Sumarwaty,5 bintang,Ditingkatkan lagi ya pelayanannya
syukron jazilan,5 bintang,Lagi nunggu antrian
Hj. Siti Rudiyah,5 bintang,Pelayanan bagus
2020A Isni Assaidah,5 bintang,âœ¨
cnta gaming,5 bintang,semangat kerja buat Indonesia
Dianita Lumwart,5 bintang,Pelayanannya baik ğŸ‘ â€¦
Diana Setiyarini,5 bintang,Pelayanan bagus
Muhammad alvan Mashuri al Irsyad,5 bintang,Cepat dan bagus
An'im Khoiro,5 bintang,Mantap
Ulfun Nikmah,5 bintang,Terimakasih puskesmas wonokromo
Fadila Fitriani,5 bintang,Bagus
setyo dwi laksono,5 bintang,puas berobat di puskesmas wonokromo
Deva Dualima,3 bintang,"Pelayanan cepat , tapi aneh minta surat tidak dikasih dokter ee lucu bilang masih bisa kerja
Sopo yoan sing gelem loro pak dokter
Wocoen"
SeprizaL Firmansyah,1 bintang,"Puskesmas ribet dapat surat rujukan, ribet, tidak melayani dengan senyuman"
Gala Petarung,5 bintang,TERBAIK
Juliana Saragih,5 bintang,Stafnya baik dan ramah
Fitria Nuraziza,5 bintang,Pelayanan cepat
Yofika Audrey,5 bintang,Bagus
Rahmad Syafril,2 bintang,Kurang teliti
ghofar elphson,2 bintang,Buruk
Monica Dinda,5 bintang,Bagus
sekarnurh,4 bintang,
Lorenza Denada,5 bintang,
Lutfiyah Fenta,5 bintang,
Hayyin Fariha,5 bintang,
Imam Syafsan,5 bintang,
gopal hewes,5 bintang,
Reni Yuniarti,4 bintang,
MARIA ULFAH,5 bintang,
Indah Wahyuni,5 bintang,
Fajar Romadhoni.,5 bintang,
Reny yuliyanti,5 bintang,
rinda dewi,5 bintang,
Fina fariha,5 bintang,
Suparti Suparti,5 bintang,
Brian Bhamakerti,5 bintang,
Muhammad Ivan,5 bintang,
Yox Gaming,5 bintang,
Nur Ifa,5 bintang,
Locita Artika Isti,5 bintang,
Chairunisha Nessa,5 bintang,
Adiba Ber,1 bintang,
Erik Asfiyanto,5 bintang,
Jihan Nabila Aprilia Wulandari,2 bintang,
Ririn Setiawati,5 bintang,
Ferry Susanti,5 bintang,
rudy linguis,4 bintang,
Aswin Mahir Randiko,5 bintang,
Zein Ikromullah,1 bintang,
Ferry Cahyoko,3 bintang,
M.Zaiful Amin,3 bintang,
M Dahuri,5 bintang,
Anggar Ca,5 bintang,
Maftuchatin Ni'mah,4 bintang,
Alfina Mahfudhoh,5 bintang,
054C_Shely Adelia Putri,5 bintang,
Evi Tri laksmi,5 bintang,
Rizkina Fitriya,5 bintang,
Syayidatur Rohmawati,4 bintang,
Berliana Jihan,5 bintang,
Chindi surya922,5 bintang,
Eriska Angelia Devianti,5 bintang,
Fitriyan Anggraini,5 bintang,
Rizki Saputra,5 bintang,
mama titin,5 bintang,
Harijono,5 bintang,
Stat_Pretesya Septiliani Syukur,5 bintang,
Sekar Nur Hasanah,4 bintang,
Aprilia Dwi Jayanti,5 bintang,
devana erlisafitri,5 bintang,
Yulda Cahyaning,5 bintang,
Diva Divana,5 bintang,
Prestisia Devi,5 bintang,
Alfian Maulana,5 bintang,
mama rama,5 bintang,
dika kartika,5 bintang,
Fransiskus Jonathan,5 bintang,
safira chuby,5 bintang,
Anggi okta,5 bintang,
Diyah Ayu,5 bintang,
Reno Property,5 bintang,
Lina Anggra,5 bintang,
Sulis lis,5 bintang,
mirna rahmawati,5 bintang,
Wiwik Abidin,5 bintang,
Nur Oktavia,5 bintang,
Iga Dinda Santari,5 bintang,
putri devika,5 bintang,
Fakhrul Islam,5 bintang,
Ribut Waroyati,5 bintang,
novita s4r1,5 bintang,
Erma sri wahyuningsih,5 bintang,
Dwiana Yuniarti,5 bintang,
putra harya,5 bintang,
Mai Aditya,5 bintang,
Herna Ningsih,5 bintang,
Nurul Cholifah,5 bintang,
Sumikah 12,5 bintang,
Bidan Kasianik,5 bintang,
Hardiana ameylia Yolanda,4 bintang,
yulianto 1607,5 bintang,
Audy Rahardianto,4 bintang,
Eko Cahyono,5 bintang,
Dwi Ageng Anidar,1 bintang,
Muhammad Imal,5 bintang,
Rebecca Cristinauli,4 bintang,
Setiawan Lee,5 bintang,
Rizal Irwiansyah,1 bintang,
Radenmas Basori,1 bintang,
Arinta Purwanti,5 bintang,
Innaufa Zahrotul A.,5 bintang,
sindi hutahaean,5 bintang,
Adji Rikanar,5 bintang,
Gallusena Erickatulistiawan,5 bintang,
Viu Eka,1 bintang,
putri ayu dewi puspitasari,5 bintang,
DWI LENA ARIEF,5 bintang,
shinta pratiwi ardini,5 bintang,
fian Safriyan,5 bintang,
TYAS,5 bintang,
denist edun,2 bintang,
Faridatus Noorachmat,5 bintang,
Nadhila Nalasari,1 bintang,
hasiem boz,4 bintang,
kiki maulana,4 bintang,
